<?xml version="1.0" encoding="utf-8"?>
<extension 
	type="module"
	version="2.5"
	client="side"
	method="install">
	<name>Stock Watch Information</name> 
	<author>Johnpel Quingua</author> 
	<creationDate>May 2013</creationDate> 
	<copyright>All rights reserved by Solutions Resource Inc.</copyright> 
	<license>GPL 2.0</license> 
	<authorEmail>johnpel@solutionsresource.com</authorEmail> 
	<authorUrl>www.johnpelquingua.com</authorUrl> 
	<version>1.0.0</version> 
	<description>Provides a front-end listing of the Stock Watch Information for Lopez Group</description>

	<files>
		<filename module="mod_stocks">mod_stocks.php</filename>
		<filename>index.html</filename>
		<filename>helper.php</filename>
		<filename>view.html.php</filename>
		<filename>view.json.php</filename>
		<filename>tmpl/default.php</filename>
		<filename>tmpl/index.html</filename>
		<filename>tmpl/mod_stocks.xml</filename>
		<!--
			<folder>tmpl</folder>
			<filename>mod_stocks.php</filename>
			<filename>helper.php</filename>
			<filename>index.html</filename>
		-->
	</files>

    <languages>
        <!-- Any language files included with the module -->
        <language tag="en-GB">en-GB.mod_siteusers.ini</language>
    </languages>

    


    
</extension>