<?xml version="1.0" encoding="utf-8"?>
<extension 
	type="module"
	version="2.5"
	client="side"
	method="upgrade">
	<name>Stock Watch</name>
	<author>Johnpel Quingua</author>
	<version>2.5.0</version>
	<description>A Stock Information Module</description>
	<files>
		<filename module="mod_stocks">mod_stocks.php</filename>
		<filename>index.html</filename>
		<filename>helper.php</filename>
		<filename>view.html.php</filename>
			<folder>tmpl</folder>
			<filename>mod_stocks.xml</filename>
			<filename>default.php</filename>
			<filename>index.html</filename>
			
	</files>
</extension>