<?xml version="1.0" encoding="utf-8"?>
<extension type="component" version="1.7.0" method="upgrade">
	<name>STOCKINFOS</name>
	<creationDate>August 2011</creationDate>
	<copyright>Copyright (C) 2011 Amy Stephen. All rights reserved.</copyright>
	<license>GNU General Public License version 2 or later; see LICENSE.txt</license>
    <author>Amy Stephen</author>
	<authorEmail>contribute@molajo.org</authorEmail>
	<authorUrl>http://Molajo.org</authorUrl>
	<version>1.0.0</version>
	<description>STOCKINFOS</description>

	<install> <!-- Runs on install -->
    	<sql>
        	<file driver="mysql" charset="utf8">sql/install.mysql.utf8.sql</file>
  		</sql>
    </install>
    <uninstall> <!-- Runs on uninstall -->
    	<sql>
        	<file driver="mysql" charset="utf8">sql/uninstall.mysql.utf8.sql</file>
  		</sql>
   </uninstall>

	<files folder="site">
		<filename>stockinfos.php</filename>
		<filename>controller.php</filename>
		<filename>router.php</filename>
		<folder>controllers</folder>
		<folder>helpers</folder>
		<folder>language</folder>
        <folder>models</folder>
        <folder>views</folder>
        <!-- START MODULE -->
        <filename>mod_helloworld.xml</filename>
        <filename module="mod_helloworld">mod_helloworld.php</filename>
        <filename>index.html</filename>
        <filename>helper.php</filename>
        <filename>tmpl/default.php</filename>
        <filename>tmpl/index.html</filename>
        <!-- END MODULE -->
	</files>

	<media destination="com_stockinfos" folder="media">
		<filename>index.html</filename>
		<folder>css</folder>
		<folder>images</folder>
		<folder>js</folder>
	</media>

	<administration>
		<menu>COM_STOCKINFOS</menu>
		<files folder="administrator">
			<filename>access.xml</filename>
			<filename>config.xml</filename>
			<filename>controller.php</filename>
			<filename>stockinfos.php</filename>
			<folder>controllers</folder>
			<folder>helpers</folder>
			<folder>language</folder>
			<folder>models</folder>
			<folder>sql</folder>
			<folder>tables</folder>
			<folder>views</folder>
		</files>

	</administration>

</extension>

